"USER.ParentCorpID";"input.rbLocations";"input.cbGroupBizType";"input.txtNumEmployees";"input.txtAssetValue_tx90p";"input.txtAssetValue_pdsisc";"input.txtAssetValue_coastalflood";"input.txtghgEmissions";"input.txtAssetValue_zindex";"cbBusinessFunctions";Date 
10 All locations
10 Berkeley_County_SC
10 Changhua_County_Taiwan
10 Council_Bluffs_Iowa
10 Douglas_County_Georgia
10 Dublin_Ireland
10 Eemshaven_Netherlands
10 Hamina_Finland
10 Jackson_County_Alabama
10 Lenoir_NC
10 Mayes_County_Oklahoma
10 Montgomery_County_TN
10 Quilicura_Chile
10 Singapore
10 St_Ghislain_Belgium
10 The_Dalles_Oregon
11 All locations
11 Ashburn_VA
11 Highlands_Ranch_CO
11 London_UK
11 Singapore
12 All locations
12 Ashburn_Virginia
12 Chicago_Illinois
12 Dublin_Ireland
12 Hong_Kong
12 Melbourne_Australia
12 Osaka_Japan
12 Saitama_Japan
12 Sao_Paulo_Brazil
12 Singapore
12 Sydney_Australia
13 Aabenraa_Denmark
13 All locations
13 Guizhou_China
13 Maiden_NC
13 Mesa_AZ
13 Prineville_Oregon
13 Reno_NV
13 Santa_Clara_CA
13 Ulanqab_China
13 Viborg_Denmark
13 Waukee_Iowa
14 All locations
14 Braunschweig_Germany
14 Chakan_India
14 Chattanooga_TN
14 Chemnitz_Germany
14 Cordoba_Argentina
14 Dresden_Germany
14 Emden_Germany
14 Hannover_Germany
14 Kassel_Germany
14 Osnabruck_Germany
14 Pacheco_Argentina
14 Pamela_Portugal
14 Puebla_Mexico
14 Salzgitter_Germany
14 Sao_Bernardo_Brazil
14 Sao_Carlos_Brazil
14 Sao_Jose_dos_Pinhais_Brazil
14 Taubate_Brazil
14 Uitenhage_South_Africa
14 Wolfsburg_Germany
14 Zwickau_Germany
15 All locations
15 Los_Angeles_CA
15 Richardson_TX
15 Richmond_VA
16 All locations
16 Ashburn_VA
16 Bankstown_Australia
16 Bedford_NH
16 Beijing_China
16 Bidos_France
16 Buchelay_France
16 Burnley_UK
16 Casablanca_Morocco
16 Chatellerault_France
16 Chihuahua_Mexico
16 Colomiers_France
16 Commercy_France
16 CostaMesa_CA
16 Eragny_France
16 Everett_WA
16 Fareham_UK
16 Florange_France
16 Fougeres_France
16 Gennevilliers_France
16 Gloucester_UK
16 GrandPrairie_TX
16 Guizhou_China
16 Hamburg_Germany_HeloEngines
16 Hamburg_Germany_Nacelles
16 Herstal_Belgium
16 Istres_France
16 Komsomolsk_Russia
16 Mantes_La_Ville_France
16 Massy_France
16 Molsheim_France
16 Montflucon_France
16 Negeri_Sembilan_Malaysia
16 Pitstone_Green_UK
16 Poitiers_France
16 Queretaro_Mexico
16 Rochester_NH
16 Saint_Quentin_France
16 SaoJose_dosCampos_Brazil
16 Singapore_HeloEngines
16 Singapore_LandingSystems
16 Suzhou_China_AircraftEngines
16 Suzhou_China_LandingSystems
16 Tarnos_France
16 Temara_Morocco
16 Toronto_Canada
16 Valence_France
16 Vernon_France
16 Villeurbanne_France
16 Walton_KY
16 Xerem_Brazil
17 Alberquerque_NM
17 Alchemy_Atlanta_GA
17 All locations
17 Altoona_PA
17 Anchorage_AK
17 Atlanta_GA
17 Augusta_GA
17 Baltimore_MD
17 Bellevue_WA
17 Billericay_UK
17 Blanquefort_FR
17 Borger_TX
17 Bradford_UK
17 Brandon_CAN
17 Brisbane_Houston_TX
17 Buffalo_NY
17 Burlington_IA
17 Burntwood_UK
17 Cadillac_Atlanta_GA
17 Calgary_CAN
17 Carlin_NV
17 Carquefou_FR
17 Casper_WY
17 Charlotte_NC
17 Chattanooga_TN
17 Chicago_IL2
17 Chicago_IL
17 Cincinnati_OH
17 Coaldale_CAN
17 Columbus_OH
17 Corpus_Christi_TX
17 Cusago_ITA
17 Dallas_TX
17 Dan_Dallas_TX
17 Dartmouth_CAN
17 Darval_CAN
17 Denver_CO
17 Detroit_MI
17 Edmonton_CAN
17 FM_Houston_TX
17 Farmington_NM
17 Fontenay_FR
17 Fort_St_John_CAN
17 Fresno_CA
17 Garenne_FR
17 Genas_FR_
17 Geneva_NY
17 Glasgow_UK
17 Gonzales_LA
17 Grand_Rapids_MI
17 Grande_Prarie_CAN
17 Hamilton_OH
17 Harlingten_TX
17 Harrisburg_PA
17 Honolulu_HA
17 Indianapolis_IN
17 Jacksonville_FL
17 Jamestown_NC
17 Johnstown_NY
17 Kansas_City_MO
17 Kent_WA
17 Lafyette_LA
17 Lieusant_FR
17 Little_Rock_AR
17 Los_Angeles_CA
17 Louisville_KY
17 Luthe_Houston_TX
17 MH_StLouis_MO
17 Manchester_UK
17 Marinona_ITA
17 Memphis_TN
17 Mesquite_TX
17 Milwaukee_WI
17 Mitry_Mory_FR
17 Mobile_AL
17 Monterrey_MEX
17 Morrisville_PA
17 Nampa_IA
17 Nashville_TN
17 North_Vancouver_CAN
17 North_York_CAN
17 Odessa_TX
17 Oil_Oklahoma_City_OK
17 Oklahoma_City_OK
17 Omaha_NE
17 Osasco_BRZ
17 Oxnard_CA
17 Philedelphia_PA
17 Phoenix_AZ
17 Pierre_Benite_FR
17 Pittsburg_PA
17 Plainfield_IL
17 Pocatello_ID
17 Pontefract_UK
17 Portland_OR
17 Pronto_Odessa_TX
17 Providence_RI
17 Redwood_City_CA
17 Regina_CAN
17 Richmond_VA
17 Rock_Springs_WY
17 Rognac_FR
17 SLC_UT
17 Sacramento_CA
17 Salaberry_CAN
17 Salem_MA
17 San_Antonio_TX
17 San_Diego_CA
17 San_Jose_CA
17 SantaFe_Springs_CA
17 Santa_Fe_CA
17 Saskatoon_CAN
17 South_Phoenix_Az
17 South_Toledo_OH
17 Spartanburg_SC
17 Spokane_WA
17 Springfield_MO
17 StLouis_MO
17 StPaul_MN
17 St_Gabriel_LA
17 Steel_Morrisville_RA
17 Strongsville_OH
17 Tampa_FL
17 Toledo_OH
17 Tournais_BLG
17 Tulsa_OK
17 Visalia_GA
17 Wellingborough_UK
17 Wichita_KS
17 Wilmslow_UK
17 Winnipeg_CAN
17 Woods_SLC_UT
18 All locations
18 Billings_MT
18 Bridgeton_MO
18 Charlotte_NC
18 Fond_Du_Lac_WI
18 Greenwood_CO
18 Louisville_KY
18 NYC_NY
18 Rochester_MN
18 Simpsonville_SC
18 Stamford_CT
18 Vancouver_WA
18 Walker_MI
18 Worcester_MA
19 All locations
19 Bethelridge_KY_Aggregates
19 Blue_Ridge_VA_all
19 British_Colombia_Can_1_aggregates
19 British_Colombia_Can_2_aggregates
19 British_Colombia_Can_3_office
19 British_Colombia_Can_4_aggregates
19 British_Colombia_Can_5_aggregates
19 British_Columbia_Can_6_aggregates
19 Buffalo_IA_Cement
19 Burnside_KY_Asphalt
19 Carrollton_KY_Asphalt_2
19 Carrollton_KY_Asphalt
19 Cave_City_KY_Aggregates
19 Chapman_KS_Aggregates
19 Convent_LA_Cement
19 Crestwood_KY_Aggregates
19 Cumming_GA_Aggregates
19 Elbert_County_GA_Aggregates
19 Elberton_GA_Aggregates
19 Ewing_VA_Aggregates
19 Ewing_VA_Asphalt
19 Fairplay_CO_Aggregates
19 Florence_TX_Aggregates_Asphalt
19 Georgetown_KY_Aggregates
19 Glasglow_KY_Aggregates
19 Horsecave_KY_Aggregates
19 Hugo_OK_ReadyMix
19 Jefferson_SC_aggregates
19 Jellico_TN_Aggregates
19 LaCrosse_WI_Cement
19 Lynchburg_VA_asphalt
19 Magnolia_KY_Aggregates
19 Martinsville_VA_readymix
19 Memphis_TN_Cement
19 Middlesboro_Ky_Asphalt
19 Minneapolis_MN_Cement
19 Morehead_KY_Asphalt
19 MtCroghan_SC_aggregates
19 New_Orleans_LA_Cement
19 North_Marked_Tree_AR_ReadyMix
19 Perry_KS_Office
19 Ravenna_KY_Aggregates
19 Ravenna_KY_Asphalt
19 Richmond_TX_Aggregates_ReadMix
19 Silverthorne_CO_Aggregates_Asphalt
19 Somerset_KY_Aggregates
19 Somerset_KY_Asphalt
19 St_Paul_MN_Cement
19 Stanton_KY_Aggregates
19 Sumter_SC_readymix
19 Sumter_SC_readymix_aggregates
19 Texarkana_AR_Asphalt
19 Tompkinsville_KY_Aggregates
19 Tooele_UT_Aggregates
19 Topeka_KS_Aggregates
19 West_Columbia_SC_aggregates
19 West_Des_Moines_IA_Cement
19 West_Liberty_KY_Asphalt
19 Wichita_KS_All
1 All locations
1 Bangalore
1 Boise
1 Catania
1 Manassas
1 Singapore_200mm_NOR
1 Singapore_300mm_DRAM
1 Singapore_300mm_NAND
1 Singapore_Hqs
20 All locations
20 Austin_TX
20 Dallas_TX
20 Denver_CO
20 El_Paso_TX
20 Orlando_FL
20 Phoenix_AZ
20 Richfield_OH
20 San_Francisco_CA
21 All locations
21 Cambridge_MA
21 Mission_Viejo_CA
21 Waltham_MA
21 Woodcliff_Lake_NJ
22 Absecon_NJ_Pumping
22 All locations
22 Alton_IL_Treatment
22 Arcadia_CA_Pumping
22 Bay_Head_NJ_Facility
22 Belleville_IL_Lab
22 Bridgewater_NJ_Facility
22 Carbondale_PA_Treatment
22 Carmel_CA_IronRemoval
22 Carmel_CA_Pumping
22 Carmel_CA_Well1
22 Carmel_CA_Well2
22 Champaign_IL_Treatment
22 Charleston_WV_Facility
22 Cherry_Hill_NJ_Office
22 Chesterfield_MO_Treatment
22 Chualar_CA_facility
22 Cinnaminson_NJ_Facility
22 Citrus_Heights_Well
22 Crawfordsville_IN_Facility
22 Davenport_IA_Facility1
22 Davenport_IA_Facility2
22 Edison_NJ_Facility
22 El_Monte_CA_Pumping
22 Elwood_PA_Facility
22 Florissant_MO_Facility
22 Fort_Meade_MD_Facility
22 Franklin_IN_Facility
22 Galloway_NJ_Facility
22 Granite_City_IL_Treatment
22 Hewlett-NY_Facility
22 Honolulu_HA_Treatment
22 Huntington_WV_Facility
22 Imperial_Beach_CA_Office
22 Jefferson_City_MO_Facility
22 Jeffersonville_IN_Facility
22 Joplin_MO_Facility
22 Joplin_Mo_Warehouse
22 Kokomo_IN_Facility
22 Kokomo_IN_Treatment
22 Laurel_MD_Facility
22 Lexington_KY_Facility
22 Lexington_KY_Treatment
22 Los_Angeles_CA_Facility
22 Los_Angeles_CA_Pumping1
22 Los_Angeles_CA_Pumping2
22 McMurray_PA_Office
22 Millersburg_KY_Facility
22 Monterey_CA_Facility
22 Monterey_CA_Storage
22 Muncie_IN_Treatment
22 New_Castle_PA_Facility
22 Newbury_Park_CA_Office
22 Noblesville_IN_Treatment1
22 Noblesville_IN_Treatment2
22 Owenton_KY_Facility
22 Pasadena_CA_Pumping
22 Peroria_PA_Facility
22 Pontiac_IL_Treatment
22 Richmond_IN_Treatment
22 Rosemead_CA_Facility
22 Sacramento_CA_Treatment1
22 Sacramento_CA_Treatment2
22 Salinas_CA_Facility
22 Salinas_CA_Resevior
22 Salinas_CA_Well
22 San_Marnio_CA_Pumping
22 Scranton_PA_Office
22 Scranton_Sewer
22 Seaside_CA_Facility
22 Seymour_IN_Treatment
22 Shrewsbery_NJ_Treatment
22 Spring_City_PA
22 StLouis_IL_Storage
22 StLouis_IL_Treatement
22 Streator_IL_Treatment
22 Terre_Haute_IN_Facility
22 Urbana_IL_Facility
22 Urbana_IL_Treatment
22 Voorhees_NJ_CorpHQ
22 Washington_NJ_Well
22 Wildwood_MO_Tank
22 Yardley_PA_Office
23 Adelaide_Austrailia
23 All locations
23 Arlington_Va
23 Calgary_Canada
23 London_UK
23 New_York_NY
23 Pasadena_Ca
23 Perth_Australia
23 Seattle_Wa
23 Sydney_Australia
23 Vancouver_Canada
24 Aguascalientes_Mexico
24 Aizu_Japan
24 All locations
24 Baguio_Philippines
24 Bangalore_India
24 Chengdu_China
24 Dallas_TX
24 Dallas_TX_Hqs
24 Freising_Germany
24 Greenock_Sccotland
24 Houston_TX
24 Kuala_Lumpur_Malaysia
24 Melaka_Malaysia
24 Miho_Japan
24 Pampanga_Philippines
24 Portland_ME
24 Santa_Clara_CA
24 Sherman_TX
24 Taipei_Taiwan
24 Tuscon_AZ
25 All locations
25 Bordentown_NJ
25 Denver_CO
25 Fountain_Inn_SC
25 Green_Bay_WI
25 Jacksonville_FL
25 Kansas_City_MO
25 Lake_Forest_IL
25 Macedonia_OH
25 Minooka_IL
25 Mira_Loma_CA
25 Patterson_CA
25 Roanoke_TX
25 Southaven_MS
25 Tukwila_WA
26 All locations
26 Austin_TX
26 Colorado_Springs_CO
26 Mayfield_OH_2
26 Mayfield_OH
26 Phoenix_AZ
26 Sacramento_CA
26 St_Petersbug_FL
2 All locations
2 American_Falls
2 Bennett_Mountain
2 Bliss
2 Brownlee
2 C_J_Strike
2 Cascade_Dam
2 Clear_Lake
2 Evander_Andrews_Power_Complex
2 Hells_Canyon
2 Langley_Gulch_Power_Plant
2 Lower_Malad
2 Lower_Salmon
2 Milner_Hydro
2 Oxbow_(OR)
2 Salmon_Diesel
2 Shoshone_Falls
2 Swan_Falls
2 Thousand_Springs
2 Twin_Falls_(ID)
2 Upper_Malad
2 Upper_Salmon_A
2 Upper_Salmon_B
3 All locations
3 Barcelona_Sant_Cugat
3 Boise
3 Colorado_Springs
3 Corvallis
3 Cupertino
3 Dublin
3 Houston
3 Palo_Alto
3 Plano
3 Puerto_Rico
3 Rehovot
3 Roseville
3 SUP_Celestica_Malaysia
3 SUP_Flex_Brazil
3 SUP_Flex_Malaysia
3 SUP_Jabil_Circuit_NL
3 SUP_Venture_Malaysia
3 San_Bernadino
3 San_Diego
3 Singapore_DRD
4 AMP_Building
4 All locations
4 Coronation_Drive_Office_Park
4 Exchange_Tower
4 Garden_City
4 Indooroopilly_Shopping_Centre
4 Macquarie_Centre
4 Malvern_Central
4 NAB_Headquarters
4 Pacific_Fair
4 Stanley_Plaza
4 The_Palms_NZ
5 All locations
5 Bakersfield_CA
5 Blue_Earth_MN
5 Foley_MN
5 Gridley_IL
6 All locations
6 Ashburn_VA_USA
6 Atlanta_GA_USA
6 Blenheim_New_Zealand
6 Brasilia_Brazil
6 Bremen_Germany
6 Brisbane_Australia
6 Bristol_UK
6 Broughton_UK
6 Casablanca_Morocco
6 Columbus_MS_USA
6 Donauworth_Germany
6 Grand_Prairie_TX_USA
6 Hamburg_Germany
6 Itajuba_Minas_Gerais_Brazil
6 Jubail_Saudi_Arabia
6 Madrid_Spain
6 Marignane_France
6 Miami_FL_USA
6 Mobile_AL_USA
6 Nantes_France
6 Queretaro_Mexico
6 Rio_de_Janeiro_Brazil
6 Riyadh_Saudi_Arabia
6 Sao_Paulo_Brazil
6 Sevilla_Spain
6 Stade_Germany
6 Tianjin_China
6 Toulouse_France
7 All locations
7 Altamira_Mexico
7 Antimano_Venezuela
7 Apizaco_Mexico
7 Bacolod_Philippines
7 Barcelona_Venezuela
7 Barranquilla_Colombia
7 Bauru_Brazil
7 Belo_Horizonte_Brazil
7 Bogota_Colombia
7 Bucaramanga_Colombia
7 Calamba_Philippines
7 Campo_Grande_Brazil
7 Coatepec_Mexico
7 Coronado_Costa_Rica
7 Cuajimalpa_de_Morelos_Mexico
7 Cuautitlan_Izcalli_Mexico
7 Cuernavaca_Mexico
7 Curitiba_Brazil
7 Davao_Philippines
7 Ilagan_Philippines
7 Ilocos_Philippines
7 Iloilo_Philippines
7 Imus_Philippines
7 Jundiai_Brazil
7 Leon_Mexico
7 Los_Reyes_Acaquilpan_Mexico
7 Manantial_Colombia
7 Mandaue_Philippines
7 Maracaibo_Venezuela
7 Marilia_Brazil
7 Maringa_Brazil
7 Medellin_Colombia
7 Meycauayan_Philippines
7 Misasmis_Oriental_Philippines
7 Mogi_das_Cruzes_Brazil
7 Monte_Grande_Argentina
7 Morelia_Mexico
7 Naga_Philippines
7 Panama_City_Panama
7 Pinotepa_Nacional_Mexico
7 Porto_Real_Brazil
7 Poza_Rica_Mexico
7 San_Cristobal_de_las_Casas_Mexico
7 San_Fernando_Philippines
7 San_Jose_Costa_Rica
7 Santa_Rosa_Philippines
7 Santiago_deA_Queretaro_Mexico
7 Santiago_de_Cali_Colombia
7 Sao_Paulo_Brazil
7 Tabasco_Mexico
7 Tacloban_Philippines
7 Tagbilaran_Philippines
7 Tepotzotlan_Mexico
7 Tocancipa_Colombia
7 Toluca_Mexico
7 Valencia_Venezuela
7 Zamboanga_Philippines
7 Zinacantepec_Mexico
8 All locations
8 Bangalore_india
8 Grasse_France
8 Guanajuato_Mexico
8 Kerry_Ireland
8 Lake_Zuirich_Illinois_USA
8 LapulapuCity_Cebu_Philipines
8 Los_Angeles_USA
8 Manaus_Brazil
8 Pontevedra_Spain
8 Singapore
8 Sydney_Australia
8 Western_Cape_South_Africa
9 801_Brickell_Miami_USA
9 All locations
9 Ginza_1_Chome_Tokyo_Japan
9 Xanadu_Centre_Madrid_Spain
